{"status":"1","message":"OK-Missing/Invalid API Key, rate limit of 1/5sec applied","result":"[{\"inputs\":[{\"internalType\":\"address\",\"name\":\"platformAddress\",\"type\":\"address\"},{\"internalType\":\"address\",\"name\":\"platformMintingAddress\",\"type\":\"address\"},{\"internalType\":\"bytes32\",\"name\":\"pixelMerkleRoot\",\"type\":\"bytes32\"},{\"internalType\":\"bytes32\",\"name\":\"pillMerkleRoot\",\"type\":\"bytes32\"},{\"internalType\":\"uint256\",\"name\":\"startTimestamp\",\"type\":\"uint256\"},{\"internalType\":\"string\",\"name\":\"newURI\",\"type\":\"string\"}],\"stateMutability\":\"nonpayable\",\"type\":\"constructor\"},{\"inputs\":[{\"internalType\":\"address\",\"name\":\"airdropAddress\",\"type\":\"address\"},{\"internalType\":\"uint256\",\"name\":\"airdropAmount\",\"type\":\"uint256\"}],\"name\":\"AirdropTransactionFailed\",\"type\":\"error\"},{\"inputs\":[],\"name\":\"AmountReimbursementFailed\",\"type\":\"error\"},{\"inputs\":[],\"name\":\"CannotClaimReimbursementInPublicMint\",\"type\":\"error\"},{\"inputs\":[{\"internalType\":\"uint256\",\"name\":\"actualPrice\",\"type\":\"uint256\"},{\"internalType\":\"uint256\",\"name\":\"invalidInputPrice\",\"type\":\"uint256\"}],\"name\":\"InvalidBuyNFTPrice\",\"type\":\"error\"},{\"inputs\":[],\"name\":\"InvalidMerkleProof\",\"type\":\"error\"},{\"inputs\":[],\"name\":\"InvalidTokenCountZero\",\"type\":\"error\"},{\"inputs\":[],\"name\":\"MaximumMintLimitReachedByUser\",\"type\":\"error\"},{\"inputs\":[],\"name\":\"MaximumMintSupplyReached\",\"type\":\"error\"},{\"inputs\":[],\"name\":\"MaximumPublicMintSupplyReached\",\"type\":\"error\"},{\"inputs\":[],\"name\":\"NothingToClaim\",\"type\":\"error\"},{\"inputs\":[],\"name\":\"ReimbursementAlreadyClaimed\",\"type\":\"error\"},{\"inputs\":[],\"name\":\"TransactionFailed\",\"type\":\"error\"},{\"inputs\":[],\"name\":\"UnAuthorizedRequest\",\"type\":\"error\"},{\"inputs\":[],\"name\":\"WhitelistedAddressAlreadyClaimedNFT\",\"type\":\"error\"},{\"anonymous\":false,\"inputs\":[{\"indexed\":true,\"internalType\":\"address\",\"name\":\"account\",\"type\":\"address\"},{\"indexed\":true,\"internalType\":\"address\",\"name\":\"operator\",\"type\":\"address\"},{\"indexed\":false,\"internalType\":\"bool\",\"name\":\"approved\",\"type\":\"bool\"}],\"name\":\"ApprovalForAll\",\"type\":\"event\"},{\"anonymous\":false,\"inputs\":[{\"indexed\":false,\"internalType\":\"uint256\",\"name\":\"tokenID\",\"type\":\"uint256\"},{\"indexed\":false,\"internalType\":\"address\",\"name\":\"mintedBy\",\"type\":\"address\"}],\"name\":\"GenesisNFTMinted\",\"type\":\"event\"},{\"anonymous\":false,\"inputs\":[{\"indexed\":false,\"internalType\":\"uint256[]\",\"name\":\"tokenIDs\",\"type\":\"uint256[]\"},{\"indexed\":false,\"internalType\":\"address\",\"name\":\"mintedBy\",\"type\":\"address\"},{\"indexed\":false,\"internalType\":\"uint256\",\"name\":\"price\",\"type\":\"uint256\"}],\"name\":\"NewNFTBatchMintedOnFirstPublicSale\",\"type\":\"event\"},{\"anonymous\":false,\"inputs\":[{\"indexed\":false,\"internalType\":\"uint256[]\",\"name\":\"tokenIDs\",\"type\":\"uint256[]\"},{\"indexed\":false,\"internalType\":\"address\",\"name\":\"mintedBy\",\"type\":\"address\"},{\"indexed\":false,\"internalType\":\"uint256\",\"name\":\"price\",\"type\":\"uint256\"}],\"name\":\"NewNFTBatchMintedOnLastPublicSale\",\"type\":\"event\"},{\"anonymous\":false,\"inputs\":[{\"indexed\":false,\"internalType\":\"uint256\",\"name\":\"tokenID\",\"type\":\"uint256\"},{\"indexed\":false,\"internalType\":\"address\",\"name\":\"mintedBy\",\"type\":\"address\"},{\"indexed\":false,\"internalType\":\"uint256\",\"name\":\"price\",\"type\":\"uint256\"}],\"name\":\"NewNFTMintedOnFirstPublicSale\",\"type\":\"event\"},{\"anonymous\":false,\"inputs\":[{\"indexed\":false,\"internalType\":\"uint256\",\"name\":\"tokenID\",\"type\":\"uint256\"},{\"indexed\":false,\"internalType\":\"address\",\"name\":\"mintedBy\",\"type\":\"address\"},{\"indexed\":false,\"internalType\":\"uint256\",\"name\":\"price\",\"type\":\"uint256\"}],\"name\":\"NewNFTMintedOnLastPublicSale\",\"type\":\"event\"},{\"anonymous\":false,\"inputs\":[{\"indexed\":false,\"internalType\":\"uint256\",\"name\":\"tokenID\",\"type\":\"uint256\"},{\"indexed\":false,\"internalType\":\"address\",\"name\":\"mintedBy\",\"type\":\"address\"},{\"indexed\":false,\"internalType\":\"uint256\",\"name\":\"price\",\"type\":\"uint256\"}],\"name\":\"NewNFTMintedOnPillSale\",\"type\":\"event\"},{\"anonymous\":false,\"inputs\":[{\"indexed\":false,\"internalType\":\"uint256\",\"name\":\"tokenID\",\"type\":\"uint256\"},{\"indexed\":false,\"internalType\":\"address\",\"name\":\"mintedBy\",\"type\":\"address\"},{\"indexed\":false,\"internalType\":\"uint256\",\"name\":\"price\",\"type\":\"uint256\"}],\"name\":\"NewNFTMintedOnPixelSale\",\"type\":\"event\"},{\"anonymous\":false,\"inputs\":[{\"indexed\":false,\"internalType\":\"uint256[]\",\"name\":\"tokenIDs\",\"type\":\"uint256[]\"},{\"indexed\":false,\"internalType\":\"address\",\"name\":\"mintedBy\",\"type\":\"address\"}],\"name\":\"NewNFTMintedOnTeamSale\",\"type\":\"event\"},{\"anonymous\":false,\"inputs\":[{\"indexed\":false,\"internalType\":\"string\",\"name\":\"newURI\",\"type\":\"string\"},{\"indexed\":false,\"internalType\":\"address\",\"name\":\"updatedBy\",\"type\":\"address\"}],\"name\":\"NewURI\",\"type\":\"event\"},{\"anonymous\":false,\"inputs\":[{\"indexed\":true,\"internalType\":\"address\",\"name\":\"previousOwner\",\"type\":\"address\"},{\"indexed\":true,\"internalType\":\"address\",\"name\":\"newOwner\",\"type\":\"address\"}],\"name\":\"OwnershipTransferred\",\"type\":\"event\"},{\"anonymous\":false,\"inputs\":[{\"indexed\":false,\"internalType\":\"address\",\"name\":\"account\",\"type\":\"address\"}],\"name\":\"Paused\",\"type\":\"event\"},{\"anonymous\":false,\"inputs\":[{\"indexed\":false,\"internalType\":\"uint256\",\"name\":\"amount\",\"type\":\"uint256\"},{\"indexed\":false,\"internalType\":\"address\",\"name\":\"sendBy\",\"type\":\"address\"}],\"name\":\"PaymentSentInContractForReimbursements\",\"type\":\"event\"},{\"anonymous\":false,\"inputs\":[{\"indexed\":false,\"internalType\":\"address[]\",\"name\":\"addresses\",\"type\":\"address[]\"},{\"indexed\":false,\"internalType\":\"uint256[]\",\"name\":\"values\",\"type\":\"uint256[]\"}],\"name\":\"ReimbursementClaimedOfPublicSale\",\"type\":\"event\"},{\"anonymous\":false,\"inputs\":[{\"indexed\":true,\"internalType\":\"address\",\"name\":\"operator\",\"type\":\"address\"},{\"indexed\":true,\"internalType\":\"address\",\"name\":\"from\",\"type\":\"address\"},{\"indexed\":true,\"internalType\":\"address\",\"name\":\"to\",\"type\":\"address\"},{\"indexed\":false,\"internalType\":\"uint256[]\",\"name\":\"ids\",\"type\":\"uint256[]\"},{\"indexed\":false,\"internalType\":\"uint256[]\",\"name\":\"values\",\"type\":\"uint256[]\"}],\"name\":\"TransferBatch\",\"type\":\"event\"},{\"anonymous\":false,\"inputs\":[{\"indexed\":true,\"internalType\":\"address\",\"name\":\"operator\",\"type\":\"address\"},{\"indexed\":true,\"internalType\":\"address\",\"name\":\"from\",\"type\":\"address\"},{\"indexed\":true,\"internalType\":\"address\",\"name\":\"to\",\"type\":\"address\"},{\"indexed\":false,\"internalType\":\"uint256\",\"name\":\"id\",\"type\":\"uint256\"},{\"indexed\":false,\"internalType\":\"uint256\",\"name\":\"value\",\"type\":\"uint256\"}],\"name\":\"TransferSingle\",\"type\":\"event\"},{\"anonymous\":false,\"inputs\":[{\"indexed\":false,\"internalType\":\"string\",\"name\":\"value\",\"type\":\"string\"},{\"indexed\":true,\"internalType\":\"uint256\",\"name\":\"id\",\"type\":\"uint256\"}],\"name\":\"URI\",\"type\":\"event\"},{\"anonymous\":false,\"inputs\":[{\"indexed\":false,\"internalType\":\"address\",\"name\":\"account\",\"type\":\"address\"}],\"name\":\"Unpaused\",\"type\":\"event\"},{\"anonymous\":false,\"inputs\":[{\"indexed\":false,\"internalType\":\"bytes32\",\"name\":\"newHash\",\"type\":\"bytes32\"},{\"indexed\":false,\"internalType\":\"address\",\"name\":\"updatedBy\",\"type\":\"address\"}],\"name\":\"UpdatedMerkleRootOfPillMint\",\"type\":\"event\"},{\"anonymous\":false,\"inputs\":[{\"indexed\":false,\"internalType\":\"bytes32\",\"name\":\"newHash\",\"type\":\"bytes32\"},{\"indexed\":false,\"internalType\":\"address\",\"name\":\"updatedBy\",\"type\":\"address\"}],\"name\":\"UpdatedMerkleRootOfPixelMint\",\"type\":\"event\"},{\"anonymous\":false,\"inputs\":[{\"indexed\":false,\"internalType\":\"address\",\"name\":\"newMintingAddress\",\"type\":\"address\"},{\"indexed\":false,\"internalType\":\"address\",\"name\":\"updatedBy\",\"type\":\"address\"}],\"name\":\"UpdatedPlatformMintingAddress\",\"type\":\"event\"},{\"anonymous\":false,\"inputs\":[{\"indexed\":false,\"internalType\":\"address\",\"name\":\"newPlatformAddress\",\"type\":\"address\"},{\"indexed\":false,\"internalType\":\"address\",\"name\":\"updatedBy\",\"type\":\"address\"}],\"name\":\"UpdatedPlatformWalletAddress\",\"type\":\"event\"},{\"anonymous\":false,\"inputs\":[{\"indexed\":false,\"internalType\":\"uint256\",\"name\":\"saleStartTime\",\"type\":\"uint256\"},{\"indexed\":false,\"internalType\":\"address\",\"name\":\"updatedBy\",\"type\":\"address\"}],\"name\":\"UpdatedSaleStartTime\",\"type\":\"event\"},{\"anonymous\":false,\"inputs\":[{\"indexed\":false,\"internalType\":\"uint256\",\"name\":\"contractBalance\",\"type\":\"uint256\"},{\"indexed\":false,\"internalType\":\"address\",\"name\":\"transferTo\",\"type\":\"address\"}],\"name\":\"WithdrawnPayment\",\"type\":\"event\"},{\"inputs\":[],\"name\":\"DEFAULT_DECREASE_NFT_PRICE_AFTER_TIME_INTERVAL\",\"outputs\":[{\"internalType\":\"uint256\",\"name\":\"\",\"type\":\"uint256\"}],\"stateMutability\":\"view\",\"type\":\"function\"},{\"inputs\":[],\"name\":\"DEFAULT_INITIAL_PUBLIC_SALE\",\"outputs\":[{\"internalType\":\"uint256\",\"name\":\"\",\"type\":\"uint256\"}],\"stateMutability\":\"view\",\"type\":\"function\"},{\"inputs\":[],\"name\":\"DEFAULT_MAX_FIRST_PUBLIC_SUPPLY\",\"outputs\":[{\"internalType\":\"uint256\",\"name\":\"\",\"type\":\"uint256\"}],\"stateMutability\":\"view\",\"type\":\"function\"},{\"inputs\":[],\"name\":\"DEFAULT_MAX_MINTING_SUPPLY\",\"outputs\":[{\"internalType\":\"uint256\",\"name\":\"\",\"type\":\"uint256\"}],\"stateMutability\":\"view\",\"type\":\"function\"},{\"inputs\":[],\"name\":\"DEFAULT_NFT_PRICE\",\"outputs\":[{\"internalType\":\"uint256\",\"name\":\"\",\"type\":\"uint256\"}],\"stateMutability\":\"view\",\"type\":\"function\"},{\"inputs\":[],\"name\":\"DEFAULT_PILLMINT_SALE\",\"outputs\":[{\"internalType\":\"uint256\",\"name\":\"\",\"type\":\"uint256\"}],\"stateMutability\":\"view\",\"type\":\"function\"},{\"inputs\":[],\"name\":\"DEFAULT_PIXELMINT_SALE\",\"outputs\":[{\"internalType\":\"uint256\",\"name\":\"\",\"type\":\"uint256\"}],\"stateMutability\":\"view\",\"type\":\"function\"},{\"inputs\":[],\"name\":\"DEFAULT_TEAMMINT_SALE\",\"outputs\":[{\"internalType\":\"uint256\",\"name\":\"\",\"type\":\"uint256\"}],\"stateMutability\":\"view\",\"type\":\"function\"},{\"inputs\":[],\"name\":\"DEFAULT_TIME_INTERVAL\",\"outputs\":[{\"internalType\":\"uint256\",\"name\":\"\",\"type\":\"uint256\"}],\"stateMutability\":\"view\",\"type\":\"function\"},{\"inputs\":[],\"name\":\"LIMIT_IN_PUBLIC_SALE_PER_WALLET\",\"outputs\":[{\"internalType\":\"uint256\",\"name\":\"\",\"type\":\"uint256\"}],\"stateMutability\":\"view\",\"type\":\"function\"},{\"inputs\":[],\"name\":\"MAX_DECREASE_ITERATIONS\",\"outputs\":[{\"internalType\":\"uint256\",\"name\":\"\",\"type\":\"uint256\"}],\"stateMutability\":\"view\",\"type\":\"function\"},{\"inputs\":[],\"name\":\"TEAM_MINT_COUNT\",\"outputs\":[{\"internalType\":\"uint256\",\"name\":\"\",\"type\":\"uint256\"}],\"stateMutability\":\"view\",\"type\":\"function\"},{\"inputs\":[{\"internalType\":\"address\",\"name\":\"account\",\"type\":\"address\"},{\"internalType\":\"uint256\",\"name\":\"id\",\"type\":\"uint256\"}],\"name\":\"balanceOf\",\"outputs\":[{\"internalType\":\"uint256\",\"name\":\"\",\"type\":\"uint256\"}],\"stateMutability\":\"view\",\"type\":\"function\"},{\"inputs\":[{\"internalType\":\"address[]\",\"name\":\"accounts\",\"type\":\"address[]\"},{\"internalType\":\"uint256[]\",\"name\":\"ids\",\"type\":\"uint256[]\"}],\"name\":\"balanceOfBatch\",\"outputs\":[{\"internalType\":\"uint256[]\",\"name\":\"\",\"type\":\"uint256[]\"}],\"stateMutability\":\"view\",\"type\":\"function\"},{\"inputs\":[],\"name\":\"checkSaleType\",\"outputs\":[{\"internalType\":\"enum Ragnarok.SaleType\",\"name\":\"activeSale\",\"type\":\"uint8\"}],\"stateMutability\":\"view\",\"type\":\"function\"},{\"inputs\":[],\"name\":\"defaultPlatformAddress\",\"outputs\":[{\"internalType\":\"address payable\",\"name\":\"\",\"type\":\"address\"}],\"stateMutability\":\"view\",\"type\":\"function\"},{\"inputs\":[],\"name\":\"defaultPlatformMintingAddress\",\"outputs\":[{\"internalType\":\"address\",\"name\":\"\",\"type\":\"address\"}],\"stateMutability\":\"view\",\"type\":\"function\"},{\"inputs\":[],\"name\":\"defaultSaleStartTime\",\"outputs\":[{\"internalType\":\"uint256\",\"name\":\"\",\"type\":\"uint256\"}],\"stateMutability\":\"view\",\"type\":\"function\"},{\"inputs\":[],\"name\":\"dutchAuctionLastPrice\",\"outputs\":[{\"internalType\":\"uint256\",\"name\":\"\",\"type\":\"uint256\"}],\"stateMutability\":\"view\",\"type\":\"function\"},{\"inputs\":[],\"name\":\"firstPublicMintingSale\",\"outputs\":[{\"internalType\":\"bool\",\"name\":\"\",\"type\":\"bool\"}],\"stateMutability\":\"payable\",\"type\":\"function\"},{\"inputs\":[{\"internalType\":\"address\",\"name\":\"\",\"type\":\"address\"}],\"name\":\"firstPublicSale\",\"outputs\":[{\"internalType\":\"uint256\",\"name\":\"\",\"type\":\"uint256\"}],\"stateMutability\":\"view\",\"type\":\"function\"},{\"inputs\":[{\"internalType\":\"uint256\",\"name\":\"tokenCount\",\"type\":\"uint256\"}],\"name\":\"firstPublicSaleBatchMint\",\"outputs\":[{\"internalType\":\"bool\",\"name\":\"\",\"type\":\"bool\"}],\"stateMutability\":\"payable\",\"type\":\"function\"},{\"inputs\":[],\"name\":\"getCurrentMintingCount\",\"outputs\":[{\"internalType\":\"uint256\",\"name\":\"\",\"type\":\"uint256\"}],\"stateMutability\":\"view\",\"type\":\"function\"},{\"inputs\":[],\"name\":\"getCurrentNFTMintingPrice\",\"outputs\":[{\"internalType\":\"uint256\",\"name\":\"\",\"type\":\"uint256\"}],\"stateMutability\":\"view\",\"type\":\"function\"},{\"inputs\":[{\"internalType\":\"address\",\"name\":\"account\",\"type\":\"address\"},{\"internalType\":\"address\",\"name\":\"operator\",\"type\":\"address\"}],\"name\":\"isApprovedForAll\",\"outputs\":[{\"internalType\":\"bool\",\"name\":\"\",\"type\":\"bool\"}],\"stateMutability\":\"view\",\"type\":\"function\"},{\"inputs\":[],\"name\":\"lastPublicMintingSale\",\"outputs\":[{\"internalType\":\"bool\",\"name\":\"\",\"type\":\"bool\"}],\"stateMutability\":\"payable\",\"type\":\"function\"},{\"inputs\":[{\"internalType\":\"address\",\"name\":\"\",\"type\":\"address\"}],\"name\":\"lastPublicSale\",\"outputs\":[{\"internalType\":\"uint256\",\"name\":\"\",\"type\":\"uint256\"}],\"stateMutability\":\"view\",\"type\":\"function\"},{\"inputs\":[{\"internalType\":\"uint256\",\"name\":\"tokenCount\",\"type\":\"uint256\"}],\"name\":\"lastPublicSaleBatchMint\",\"outputs\":[{\"internalType\":\"bool\",\"name\":\"\",\"type\":\"bool\"}],\"stateMutability\":\"payable\",\"type\":\"function\"},{\"inputs\":[],\"name\":\"merkleRootOfPillMintWhitelistAddresses\",\"outputs\":[{\"internalType\":\"bytes32\",\"name\":\"\",\"type\":\"bytes32\"}],\"stateMutability\":\"view\",\"type\":\"function\"},{\"inputs\":[],\"name\":\"merkleRootOfPixelMintWhitelistAddresses\",\"outputs\":[{\"internalType\":\"bytes32\",\"name\":\"\",\"type\":\"bytes32\"}],\"stateMutability\":\"view\",\"type\":\"function\"},{\"inputs\":[],\"name\":\"name\",\"outputs\":[{\"internalType\":\"string\",\"name\":\"\",\"type\":\"string\"}],\"stateMutability\":\"view\",\"type\":\"function\"},{\"inputs\":[],\"name\":\"owner\",\"outputs\":[{\"internalType\":\"address\",\"name\":\"\",\"type\":\"address\"}],\"stateMutability\":\"view\",\"type\":\"function\"},{\"inputs\":[],\"name\":\"pauseContract\",\"outputs\":[{\"internalType\":\"bool\",\"name\":\"\",\"type\":\"bool\"}],\"stateMutability\":\"nonpayable\",\"type\":\"function\"},{\"inputs\":[],\"name\":\"paused\",\"outputs\":[{\"internalType\":\"bool\",\"name\":\"\",\"type\":\"bool\"}],\"stateMutability\":\"view\",\"type\":\"function\"},{\"inputs\":[{\"internalType\":\"address\",\"name\":\"\",\"type\":\"address\"}],\"name\":\"pillMintWhitelistedAddresses\",\"outputs\":[{\"internalType\":\"uint256\",\"name\":\"\",\"type\":\"uint256\"}],\"stateMutability\":\"view\",\"type\":\"function\"},{\"inputs\":[{\"internalType\":\"bytes32[]\",\"name\":\"_merkleProof\",\"type\":\"bytes32[]\"}],\"name\":\"pillMintingSale\",\"outputs\":[{\"internalType\":\"bool\",\"name\":\"\",\"type\":\"bool\"}],\"stateMutability\":\"payable\",\"type\":\"function\"},{\"inputs\":[{\"internalType\":\"address\",\"name\":\"\",\"type\":\"address\"}],\"name\":\"pixelMintWhitelistedAddresses\",\"outputs\":[{\"internalType\":\"uint256\",\"name\":\"\",\"type\":\"uint256\"}],\"stateMutability\":\"view\",\"type\":\"function\"},{\"inputs\":[{\"internalType\":\"bytes32[]\",\"name\":\"_merkleProof\",\"type\":\"bytes32[]\"}],\"name\":\"pixelMintingSale\",\"outputs\":[{\"internalType\":\"bool\",\"name\":\"\",\"type\":\"bool\"}],\"stateMutability\":\"payable\",\"type\":\"function\"},{\"inputs\":[{\"internalType\":\"address[]\",\"name\":\"addresses\",\"type\":\"address[]\"},{\"internalType\":\"uint256[]\",\"name\":\"values\",\"type\":\"uint256[]\"}],\"name\":\"reimbursementAirdrop\",\"outputs\":[{\"internalType\":\"bool\",\"name\":\"\",\"type\":\"bool\"}],\"stateMutability\":\"nonpayable\",\"type\":\"function\"},{\"inputs\":[],\"name\":\"renounceOwnership\",\"outputs\":[],\"stateMutability\":\"nonpayable\",\"type\":\"function\"},{\"inputs\":[{\"internalType\":\"address\",\"name\":\"from\",\"type\":\"address\"},{\"internalType\":\"address\",\"name\":\"to\",\"type\":\"address\"},{\"internalType\":\"uint256[]\",\"name\":\"ids\",\"type\":\"uint256[]\"},{\"internalType\":\"uint256[]\",\"name\":\"amounts\",\"type\":\"uint256[]\"},{\"internalType\":\"bytes\",\"name\":\"data\",\"type\":\"bytes\"}],\"name\":\"safeBatchTransferFrom\",\"outputs\":[],\"stateMutability\":\"nonpayable\",\"type\":\"function\"},{\"inputs\":[{\"internalType\":\"address\",\"name\":\"from\",\"type\":\"address\"},{\"internalType\":\"address\",\"name\":\"to\",\"type\":\"address\"},{\"internalType\":\"uint256\",\"name\":\"id\",\"type\":\"uint256\"},{\"internalType\":\"uint256\",\"name\":\"amount\",\"type\":\"uint256\"},{\"internalType\":\"bytes\",\"name\":\"data\",\"type\":\"bytes\"}],\"name\":\"safeTransferFrom\",\"outputs\":[],\"stateMutability\":\"nonpayable\",\"type\":\"function\"},{\"inputs\":[],\"name\":\"sendPaymentForReimbursement\",\"outputs\":[{\"internalType\":\"bool\",\"name\":\"\",\"type\":\"bool\"}],\"stateMutability\":\"payable\",\"type\":\"function\"},{\"inputs\":[{\"internalType\":\"address\",\"name\":\"operator\",\"type\":\"address\"},{\"internalType\":\"bool\",\"name\":\"approved\",\"type\":\"bool\"}],\"name\":\"setApprovalForAll\",\"outputs\":[],\"stateMutability\":\"nonpayable\",\"type\":\"function\"},{\"inputs\":[{\"internalType\":\"bytes4\",\"name\":\"interfaceId\",\"type\":\"bytes4\"}],\"name\":\"supportsInterface\",\"outputs\":[{\"internalType\":\"bool\",\"name\":\"\",\"type\":\"bool\"}],\"stateMutability\":\"view\",\"type\":\"function\"},{\"inputs\":[],\"name\":\"symbol\",\"outputs\":[{\"internalType\":\"string\",\"name\":\"\",\"type\":\"string\"}],\"stateMutability\":\"view\",\"type\":\"function\"},{\"inputs\":[],\"name\":\"teamMintWhitelistedAddress\",\"outputs\":[{\"internalType\":\"bool\",\"name\":\"\",\"type\":\"bool\"}],\"stateMutability\":\"view\",\"type\":\"function\"},{\"inputs\":[],\"name\":\"teamMintingSale\",\"outputs\":[{\"internalType\":\"bool\",\"name\":\"\",\"type\":\"bool\"}],\"stateMutability\":\"nonpayable\",\"type\":\"function\"},{\"inputs\":[{\"internalType\":\"address\",\"name\":\"newOwner\",\"type\":\"address\"}],\"name\":\"transferOwnership\",\"outputs\":[],\"stateMutability\":\"nonpayable\",\"type\":\"function\"},{\"inputs\":[],\"name\":\"unpauseContract\",\"outputs\":[{\"internalType\":\"bool\",\"name\":\"\",\"type\":\"bool\"}],\"stateMutability\":\"nonpayable\",\"type\":\"function\"},{\"inputs\":[{\"internalType\":\"bytes32\",\"name\":\"hash\",\"type\":\"bytes32\"}],\"name\":\"updatePillMintMerkleRoot\",\"outputs\":[{\"internalType\":\"bool\",\"name\":\"\",\"type\":\"bool\"}],\"stateMutability\":\"nonpayable\",\"type\":\"function\"},{\"inputs\":[{\"internalType\":\"bytes32\",\"name\":\"hash\",\"type\":\"bytes32\"}],\"name\":\"updatePixelMintMerkleRoot\",\"outputs\":[{\"internalType\":\"bool\",\"name\":\"\",\"type\":\"bool\"}],\"stateMutability\":\"nonpayable\",\"type\":\"function\"},{\"inputs\":[{\"internalType\":\"address\",\"name\":\"newAddress\",\"type\":\"address\"}],\"name\":\"updatePlatformWalletAddress\",\"outputs\":[{\"internalType\":\"bool\",\"name\":\"\",\"type\":\"bool\"}],\"stateMutability\":\"nonpayable\",\"type\":\"function\"},{\"inputs\":[{\"internalType\":\"string\",\"name\":\"newuri\",\"type\":\"string\"}],\"name\":\"updateTokenURI\",\"outputs\":[{\"internalType\":\"bool\",\"name\":\"\",\"type\":\"bool\"}],\"stateMutability\":\"nonpayable\",\"type\":\"function\"},{\"inputs\":[{\"internalType\":\"uint256\",\"name\":\"\",\"type\":\"uint256\"}],\"name\":\"uri\",\"outputs\":[{\"internalType\":\"string\",\"name\":\"\",\"type\":\"string\"}],\"stateMutability\":\"view\",\"type\":\"function\"},{\"inputs\":[],\"name\":\"withdrawPayment\",\"outputs\":[{\"internalType\":\"bool\",\"name\":\"\",\"type\":\"bool\"}],\"stateMutability\":\"nonpayable\",\"type\":\"function\"}]"}